First line	Last line	Emotions before/during the speech	Emotions after the speech	Speaker	Notes
1.40	1.57	Helplessness/Fear/Worry/Fright/Horror	Anger/Hate/Malevolence	Pelias	In his speech, however, Pelias pretends to feel pity for Phrixus and his fate.
1.81	1.90	Thirst for action/Bravery	Undefined	Jason	
1.164	1.173	Thirst for action/Bravery	Undefined	Jason	Before his speech, it is mentioned that Jason is happy because of the eagle augury (1.161). In his speech, however, his thirst for action seems to be the prevalent emotional state, but it is also important to note that Jason wants to persuade Acastus to join the expedition in order to seek revenge against Pelias (cf. 1.152-155).
1.174	1.181	Thirst for action/Bravery	Undefined	Acastus	
1.211	1.226	Frenzy	Undefined	Mopsus	
1.234	1.238	Joy/Relaxation	Sadness/Grief	Idmon	
1.241	1.251	Thirst for action/Bravery	Joy/Relaxation	Jason	
1.265	1.270	Joy/Relaxation	Thirst for action/Bravery	Peleus	
1.302	1.307	Undefined	Undefined	Argo	
1.320	1.334	Helplessness/Fear/Worry/Fright/Horror	Sadness/Grief	Alcimede	
1.336	1.347	Thirst for action/Bravery	Infatuation/Admiration	Aeson	In this instance, the tag “infatuation” is used for an emotional state that would rather be described as an expression of familial love (cf. 1.348-349).
1.505	1.527	Helplessness/Fear/Worry/Fright/Horror	Undefined	Sol	
1.531	1.567	Undefined	Undefined	Jupiter	
1.667	1.680	Undefined	Undefined	Jason	
1.741	1.751	Undefined	Undefined	Cretheus	
1.763	1.766	Sadness/Grief	Sadness/Grief	Alcimede	
2.48	2.65	Thirst for action/Bravery	Joy/Relaxation	Tiphys	
2.127	2.134	Anger/Hate/Malevolence	Undefined	Venus	
2.142	2.160	Joy/Relaxation	Frenzy	Fama	Fama’s joyful demeanor when she sets off to Lemnos to wreak havoc (2.135) can also be interpreted as malevolence.
2.142	2.160	Sadness/Grief	Frenzy	Fama-Neaera	
2.176	2.184	Sadness/Grief	Frenzy	Venus-Dryope	In this case, the change from a sad to a furious state of mind already occurs during the speech itself (cf. 2.180-181).
2.213	2.214	Frenzy	Frenzy	Venus	It is not clear if Venus is still disguised as the Lemnian woman Dryope at this point or not, for this discussion see Schirner 2023, 694 n. 804 with further references.
2.249	2.253	Shame/Sense of guilt	Thirst for action/Bravery	Hypsipyle	Hypsipyle’s speech could also be interpreted as an expression of pity towards her father.
2.256	2.257	Thirst for action/Bravery	Thirst for action/Bravery	Hypsipyle	In her short prayer to Bacchus, Hypsipyle’s sense of guilt is also recognizable.
2.290	2.299	Sadness/Grief	Thirst for action/Bravery	Hypsipyle	In her speech, Hypsipyle also shows feelings of guilt and worry about her father’s fate.
2.378	2.384	Thirst for action/Bravery	Undefined	Hercules	
2.403	2.408	Sadness/Grief	Sadness/Grief	Hypsipyle	
2.468	2.469	Thirst for action/Bravery	Undefined	Hercules	
2.471	2.492	Hope	Undefined	Hesione	Before her speech, Hesione shows signs of fear and shame (cf. 2.470).
2.557	2.566	Anger/Hate/Malevolence	Anger/Hate/Malevolence	Laomedon	In his speech, however, Laomedon hides his negative feelings and agenda and promises Hercules rewards for saving his daughter Hesione.
2.574	2.576	Thirst for action/Bravery	Undefined	Hercules	
2.592	2.607	Undefined	Sadness/Grief	Helle	
2.611	2.612	Undefined	Thirst for action/Bravery	Jason	
2.639	2.648	Infatuation/Admiration	Joy/Relaxation	Cyzicus	
2.656	2.658	Helplessness/Fear/Worry/Fright/Horror	Undefined	Cyzicus	
2.659	2.662	Thirst for action/Bravery	Undefined	Jason	
3.45	3.45	Undefined	Joy/Relaxation	Pan	
3.81	3.82	Thirst for action/Bravery	Thirst for action/Bravery	Jason	
3.103	3.105	Thirst for action/Bravery	Undefined	Tydeus	
3.169	3.170	Thirst for action/Bravery	Undefined	Hercules	
3.259	3.261	Helplessness/Fear/Worry/Fright/Horror	Undefined	Tiphys	
3.270	3.272	Helplessness/Fear/Worry/Fright/Horror	Undefined	Jason	
3.290	3.313	Sadness/Grief	Undefined	Jason	
3.316	3.329	Sadness/Grief	Sadness/Grief	Clite	
3.377	3.416	Undefined	Undefined	Mopsus	
3.448	3.455	Undefined	Undefined	Mopsus	
3.492	3.505	Anger/Hate/Malevolence	Anger/Hate/Malevolence	Juno	In her speech, however, Juno pretends to be worried about the situation in Colchis.
3.535	3.544	Anger/Hate/Malevolence	Undefined	Juno	In her speech, however, Juno feigns concern for the nymph Dryope, pretending to have destined Hylas to be her husband.
3.617	3.627	Helplessness/Fear/Worry/Fright/Horror	Undefined	Jason	Jason is worried about Hercules’ fate and allows the group to decide whether they want to resume searching for their lost comrade or to set sail. Before Jason’s speech, however, it is mentioned that Tiphys’ request to leave has already changed Jason’s mind (3.615-616). For this problem and further references see Schirner 2023, 554.
3.649	3.689	Thirst for action/Bravery	Thirst for action/Bravery	Meleager	
3.697	3.714	Anger/Hate/Malevolence	Sadness/Grief	Telamon	Besides anger, astonishment, sadness, and grief are also important components of Telamon’s emotional state before his speech (cf. 3.692-695).
4.4	4.14	Anger/Hate/Malevolence	Pity	Jupiter	Before his angry speech directed at Juno, pity towards Hercules is already an important element of Jupiter’s emotional state (cf. 4.2).
4.25	4.37	Undefined	Undefined	Hylas	
4.62	4.67	Pity	Undefined	Apollo	
4.140	4.141	Helplessness/Fear/Worry/Fright/Horror	Helplessness/Fear/Worry/Fright/Horror	Dymas	Before his speech, not only fear but also sadness and grief constitute important components of Dymas’ emotional state (cf. 4.135-136).
4.157	4.160	Undefined	Undefined	Jason	
4.161	4.173	Sadness/Grief	Thirst for action/Bravery	Dymas	
4.191	4.192	Thirst for action/Bravery	Thirst for action/Bravery	Pollux	
4.206	4.221	Anger/Hate/Malevolence	Undefined	Amycus	
4.240	4.244	Anger/Hate/Malevolence	Anger/Hate/Malevolence	Amycus	
4.250	4.251	Anger/Hate/Malevolence	Undefined	Amycus	
4.312	4.314	Thirst for action/Bravery	Astonishment	Pollux	
4.327	4.329	Joy/Relaxation	Undefined	Jason/Argonauts	
4.335	4.336	Joy/Relaxation	Joy/Relaxation	Castor	
4.360	4.364	Helplessness/Fear/Worry/Fright/Horror	Undefined	Juno	Concerned about her marriage (4.354), Juno asks Jupiter for the cow into which he had transformed Io. Before her plea for the cow, however, Juno fakes a happy attitude (4.359).
4.436	4.464	Hope	Undefined	Phineus	
4.466	4.472	Thirst for action/Bravery	Undefined	Zetes	In Zetes’ speech, pity for Phineus is also relevant (4.469-470).
4.474	4.484	Hope	Undefined	Phineus	
4.519	4.526	Anger/Hate/Malevolence	Undefined	Typhon	
4.538	4.546	Helplessness/Fear/Worry/Fright/Horror	Undefined	Jason	
4.553	4.624	Joy/Relaxation	Undefined	Phineus	Before his speech, Phineus’ calm and dignified demeanor is described (4.551-552). In his speech, however, he talks about future endeavors and the dangerous situations the Argonauts will have to face.
4.629	4.635	Joy/Relaxation	Undefined	Phineus	Phineus is thankful for his rescue, but he also harbors some doubt that the Harpies are really gone (cf. 4.633-634).
4.649	4.653	Helplessness/Fear/Worry/Fright/Horror	Thirst for action/Bravery	Jason	Jason is included in the scared group before his speech (4.637-643); in his speech, however, he admonishes the men to be brave.
4.741	4.754	Joy/Relaxation	Undefined	Lycus	
4.755	4.758	Astonishment	Undefined	Jason	
5.37	5.59	Sadness/Grief	Sadness/Grief	Jason	
5.233	5.240	Undefined	Undefined	Ghost of Phrixus	
5.282	5.285	Helplessness/Fear/Worry/Fright/Horror	Helplessness/Fear/Worry/Fright/Horror	Minerva	The narrator and Juno call Minerva worried (5.280-281, 286); in her speech, however, Minerva seems primarily eager to go to war.
5.286	5.291	Thirst for action/Bravery	Undefined	Juno	
5.292	5.295	Undefined	Undefined	Minerva	
5.313	5.324	Helplessness/Fear/Worry/Fright/Horror	Thirst for action/Bravery	Jason	Jason is described as fearful and worried before his speech (5.302-311); in his address, however, he admonishes the men to be optimistic and brave.
5.353	5.355	Helplessness/Fear/Worry/Fright/Horror	Helplessness/Fear/Worry/Fright/Horror	Medea	
5.359	5.362	Thirst for action/Bravery	Undefined	Henioche	
5.378	5.390	Infatuation/Admiration	Undefined	Jason	In his speech to Medea, however, Jason presents himself as someone who is worried and in need of help (cf. 5.389-390).
5.393	5.396	Helplessness/Fear/Worry/Fright/Horror	Undefined	Medea	
5.403	5.406	Undefined	Undefined	Medea’s servant	
5.471	5.518	Thirst for action/Bravery	Undefined	Jason	
5.534	5.541	Anger/Hate/Malevolence	Anger/Hate/Malevolence	Aeetes	Aeetes’ speech, however, is friendly (cf. also 5.533-534), as he offers Jason a deal of how to earn the golden fleece.
5.542	5.546	Thirst for action/Bravery	Thirst for action/Bravery	Jason	In the beginning of his short speech, however, Jason laments the new challenge Aeetes confronted him with (5.542-545).
5.553	5.557	Undefined	Undefined	Castor	
5.578	5.580	Undefined	Undefined	Jason	
5.590	5.595	Undefined	Undefined	Aeetes	
5.599	5.614	Undefined	Undefined	Aeetes	
5.624	5.648	Anger/Hate/Malevolence	Anger/Hate/Malevolence	Mars	
5.651	5.669	Anger/Hate/Malevolence	Undefined	Minerva	
5.670	5.670	Anger/Hate/Malevolence	Anger/Hate/Malevolence	Mars	
5.673	5.689	Anger/Hate/Malevolence	Joy/Relaxation	Jupiter	
6.29	6.29	Anger/Hate/Malevolence	Thirst for action/Bravery	Mars	
6.267	6.269	Joy/Relaxation	Thirst for action/Bravery	Anausis	
6.274	6.276	Anger/Hate/Malevolence	Undefined	Anausis	
6.282	6.286	Thirst for action/Bravery	Thirst for action/Bravery	Gesander	
6.305	6.307	Helplessness/Fear/Worry/Fright/Horror	Undefined	Aquites	
6.308	6.314	Thirst for action/Bravery	Undefined	Gesander	
6.460	6.466	Helplessness/Fear/Worry/Fright/Horror	Anger/Hate/Malevolence	Juno	
6.475	6.476	Anger/Hate/Malevolence	Undefined	Venus	
6.482	6.487	Joy/Relaxation	Thirst for action/Bravery	Juno	In this passage, Juno appears as Medea’s sister Chalciope, but there is no significant discrepancy between her authentic feelings and her displayed emotions.
6.536	6.539	Thirst for action/Bravery	Thirst for action/Bravery	Aron	
6.547	6.549	Joy/Relaxation	Thirst for action/Bravery	Jason	
6.588	6.590	Infatuation/Admiration	Undefined	Medea	
6.592	6.599	Anger/Hate/Malevolence	Anger/Hate/Malevolence	Juno	In her speech, Juno, disguised as Chalciope, intends to draw Medea’s attention towards Jason.
6.647	6.648	Anger/Hate/Malevolence	Thirst for action/Bravery	Colaxes	
6.675	6.679	Helplessness/Fear/Worry/Fright/Horror	Thirst for action/Bravery	Medea	Before her speech, Medea’s growing infatuation for Jason and her worried state of mind are relevant (6.660-674). In her speech, her concern for Jason is the crucial factor.
7.35	7.77	Anger/Hate/Malevolence	Anger/Hate/Malevolence	Aeetes	
7.89	7.100	Astonishment	Thirst for action/Bravery	Jason	In his speech to Aeetes, Jason appears courageous and determined. Before his speech, however, he is shocked, sad, angry and stunned (7.81-86).
7.159	7.170	Helplessness/Fear/Worry/Fright/Horror	Undefined	Juno	
7.172	7.186	Thirst for action/Bravery	Thirst for action/Bravery	Venus	
7.217	7.222	Joy/Relaxation	Undefined	Medea	Medea is joyful because of the arrival of her aunt Circe (who is, in fact, the disguised goddess Venus), but in her speech she also complains about the long absence of her aunt.
7.223	7.236	Pity	Undefined	Venus-Circe	
7.238	7.250	Helplessness/Fear/Worry/Fright/Horror	Sadness/Grief	Medea	
7.257	7.283	Anger/Hate/Malevolence	Undefined	Venus	
7.257	7.283	Sadness/Grief	Undefined	Venus-Circe	
7.266	7.287	Helplessness/Fear/Worry/Fright/Horror	Helplessness/Fear/Worry/Fright/Horror	Jason	The speaker is not the “real” Jason, but the fake one that is part of Venus-Circe’s deceitful speech.
7.385	7.387	Helplessness/Fear/Worry/Fright/Horror	Frenzy	Medea	
7.413	7.430	Thirst for action/Bravery	Helplessness/Fear/Worry/Fright/Horror	Jason	While the beginning of Jason’s speech could somehow be interpreted as an expression of helplessness on Jason’s part (7.413-414), his speech is primarily characterized by reproaches and a defiant attitude. After his speech, however, it is – probably from Medea’s point of view – stated that he is humbly asking for help (7.431). Before his speech, it is also mentioned that he comforts Medea by his words; this does, however, not match with the content of the speech itself. For this discussion and further references see Schirner 2023, 432-434.
7.437	7.455	Helplessness/Fear/Worry/Fright/Horror	Sadness/Grief	Medea	Before her speech, shame is also an important part of Medea’s emotional constitution (cf. 7.435). In her speech, she also reproaches Jason for being dependent on her help (7.437-439).
7.477	7.487	Sadness/Grief	Undefined	Medea	
7.490	7.509	Infatuation/Admiration	Infatuation/Admiration	Jason	In addition to infatuation, “sad shame” (7.514) is also an element of Jason’s emotional state after his speech.
7.516	7.521	Infatuation/Admiration	Undefined	Medea	In addition to infatuation, “sad shame” (7.514) is also an element of Medea’s emotional state before her speech. In this speech, however, Medea announces dangerous challenges that Jason has to overcome.
7.529	7.529	Helplessness/Fear/Worry/Fright/Horror	Helplessness/Fear/Worry/Fright/Horror	Jason	
7.532	7.537	Joy/Relaxation	Helplessness/Fear/Worry/Fright/Horror	Medea	Before her speech, Medea seems amused by Jason’s fear of the dragon (under the assumption that the reading trahit ridens, V. Fl. 7.531, “she pulls him away, laughing”, is the correct one, cf. Schirner 2023, 229-230). In her speech, Medea seems again worried about Jason.
8.37	8.43	Helplessness/Fear/Worry/Fright/Horror	Helplessness/Fear/Worry/Fright/Horror	Jason	Jason is worried about stealing the golden fleece from the dragon (8.24, 44). In his speech, he asks Medea for help, but he also emphasizes his feelings for her (which may or may not be sincere; for this discussion and further references see Schirner 2023, 758).
8.46	8.53	Sadness/Grief	Frenzy	Medea	Medea’s speech to Jason also includes threatening elements (cf. 8.48-50).
8.58	8.59	Helplessness/Fear/Worry/Fright/Horror	Helplessness/Fear/Worry/Fright/Horror	Jason	
8.60	8.66	Undefined	Undefined	Medea	
8.70	8.78	Frenzy	Frenzy	Medea	
8.95	8.108	Shame/Sense of guilt	Undefined	Medea	
8.110	8.111	Shame/Sense of guilt	Undefined	Medea	Medea’s sense of guilt is evident in the speech she utters after she has put the dragon to sleep (8.95-108). In her short instruction towards Jason following this speech (8.110-111), this sentiment is not present anymore.
8.197	8.199	Undefined	Thirst for action/Bravery	Jason	
8.264	8.284	Anger/Hate/Malevolence	Thirst for action/Bravery	Absyrtus	
8.337	8.355	Thirst for action/Bravery	Thirst for action/Bravery	Styrus	
8.415	8.444	Anger/Hate/Malevolence	Helplessness/Fear/Worry/Fright/Horror	Medea	After her speech, Medea is in some kind of fearful frenzy (cf. 8.445-450).
8.467	8.467	Sadness/Grief	Undefined	Jason	Before his speech (of which only one verse has been transmitted), shame is also a part of Jason’s emotional state (8.464).